rally_uid,actionId,pointId,serverGetPoint
15188,7,8,1.0
15191,10,9,1.0
15194,6,8,1.0
15198,1,8,1.0
15201,7,8,1.0
15204,7,9,1.0
15207,1,8,1.0
15210,6,8,1.0
15213,5,0,1.0
15217,5,8,1.0
15220,5,8,1.0
15223,13,8,1.0
15226,1,8,0.0
15229,6,8,1.0
15232,1,8,0.0
15235,11,8,1.0
15238,11,8,1.0
15242,1,8,1.0
15245,13,0,0.0
15249,6,8,1.0
15253,6,8,1.0
15256,7,8,1.0
15259,1,9,0.0
15263,1,8,0.0
15267,0,0,1.0
15271,1,9,1.0
15274,2,7,0.0
15277,10,4,1.0
15281,1,9,0.0
15284,13,9,0.0
15287,1,7,1.0
15291,1,7,1.0
15294,0,0,0.0
15295,6,0,1.0
15299,1,9,0.0
15303,1,9,0.0
15306,1,9,0.0
15310,11,2,1.0
15312,11,8,0.0
15316,13,0,0.0
15319,6,8,0.0
15323,6,9,0.0
15327,0,0,1.0
15329,6,0,0.0
15335,2,8,0.0
15338,11,3,1.0
15344,6,9,1.0
15347,6,9,1.0
15350,2,8,1.0
15354,1,9,1.0
15358,2,8,0.0
15362,6,0,1.0
15366,14,0,0.0
15370,9,6,0.0
15374,9,6,0.0
15377,10,6,0.0
15381,9,7,1.0
15384,7,7,1.0
15387,10,6,1.0
15390,9,6,1.0
15393,9,7,0.0
15397,9,0,1.0
15401,3,7,0.0
15403,1,8,1.0
15406,9,6,1.0
15410,9,6,1.0
15413,9,7,1.0
15416,9,7,0.0
15418,9,7,1.0
15422,9,0,1.0
15426,9,7,1.0
15430,9,6,1.0
15433,9,6,1.0
15436,9,6,1.0
15440,9,7,0.0
15442,11,9,0.0
15446,13,9,0.0
15450,11,2,0.0
15454,0,0,1.0
15457,2,9,0.0
15460,2,9,1.0
15463,13,0,0.0
15466,2,9,1.0
15470,11,2,0.0
15474,4,9,0.0
15478,6,0,0.0
15482,0,0,1.0
15485,3,7,1.0
15488,1,9,1.0
15492,4,9,1.0
15495,4,9,1.0
15498,7,7,1.0
15501,11,1,1.0
15504,6,9,0.0
15507,6,9,0.0
15511,11,2,0.0
15514,2,9,0.0
15518,0,0,0.0
15522,0,0,1.0
15523,1,5,0.0
15527,12,5,1.0
15530,1,5,1.0
15533,1,5,1.0
15537,11,4,1.0
15541,10,6,1.0
15543,12,5,0.0
15547,12,6,1.0
15551,3,5,1.0
15554,1,5,1.0
15558,12,5,0.0
15561,12,6,1.0
15563,10,5,1.0
15566,12,4,1.0
15569,1,5,0.0
15573,12,5,1.0
15576,11,5,0.0
15579,1,5,0.0
15583,12,5,1.0
15585,12,5,0.0
15588,1,4,0.0
15592,12,5,1.0
15596,1,5,1.0
15599,0,0,1.0
15602,12,5,0.0
15603,1,5,1.0
15607,12,6,1.0
15610,1,5,1.0
15613,12,5,1.0
15616,1,5,0.0
15619,12,5,1.0
15622,12,7,0.0
15626,1,9,1.0
15629,0,0,1.0
15632,3,7,1.0
15635,13,8,1.0
15639,1,9,1.0
15641,12,7,1.0
15645,1,7,0.0
15649,12,4,0.0
15652,11,4,1.0
15655,1,9,1.0
15659,12,0,0.0
15660,12,7,1.0
15664,12,4,0.0
15668,10,4,0.0
15672,10,4,0.0
15675,12,4,1.0
15678,12,7,0.0
15681,1,9,1.0
15684,12,4,1.0
15688,1,9,0.0
15691,12,7,1.0
15694,10,4,0.0
15695,7,9,1.0
15704,5,9,0.0
15707,1,9,0.0
15710,4,9,1.0
15713,5,9,0.0
15720,1,9,1.0
15723,5,9,1.0
15727,5,9,1.0
15731,10,9,1.0
15732,13,9,1.0
15735,5,9,0.0
15739,6,9,1.0
15742,6,9,0.0
15746,6,9,0.0
15748,13,0,1.0
15751,7,8,1.0
15754,1,7,0.0
15757,10,7,0.0
15761,1,9,1.0
15765,4,8,0.0
15769,2,9,0.0
15773,10,4,1.0
15777,1,9,1.0
15780,7,7,0.0
15783,1,7,0.0
15786,0,0,1.0
15789,2,8,0.0
15793,1,7,1.0
15796,7,8,1.0
15799,1,7,0.0
15802,10,5,0.0
15805,1,9,0.0
15809,1,7,0.0
15812,7,9,1.0
15815,1,9,1.0
15818,1,9,1.0
15822,1,8,0.0
15826,1,7,1.0
15829,10,5,0.0
15832,7,9,1.0
15836,3,7,0.0
15839,7,9,1.0
15841,1,8,1.0
15844,14,8,1.0
15847,4,5,0.0
15850,5,9,1.0
15853,1,8,0.0
15857,0,8,1.0
15862,4,5,1.0
15865,0,0,1.0
15869,5,8,0.0
15872,11,9,1.0
15875,11,4,1.0
15879,5,0,1.0
15882,13,7,1.0
15885,5,0,0.0
15889,5,9,1.0
15893,4,5,0.0
15897,13,8,1.0
15901,1,9,1.0
15905,4,9,1.0
15907,5,8,0.0
15910,1,9,1.0
15914,5,9,0.0
15917,4,5,0.0
15920,1,7,0.0
15923,1,8,1.0
15927,14,8,1.0
15930,13,7,0.0
15933,4,5,1.0
15937,4,5,1.0
15940,5,9,1.0
15942,5,9,0.0
15945,1,9,1.0
15948,0,8,0.0
15951,2,7,0.0
15954,11,9,0.0
15957,1,7,1.0
15961,10,7,0.0
15964,9,6,0.0
15967,1,7,1.0
15970,9,8,1.0
15973,5,7,0.0
15977,9,6,0.0
15981,1,9,1.0
15985,6,8,1.0
15988,3,8,0.0
15992,1,7,1.0
15995,9,7,1.0
15999,1,7,0.0
16003,10,9,1.0
16006,3,7,0.0
16010,9,0,0.0
16014,1,9,1.0
16017,10,9,0.0
16020,13,9,1.0
16023,1,9,1.0
16027,1,9,0.0
16030,1,9,0.0
16032,1,9,1.0
16035,13,9,0.0
16039,13,8,0.0
16042,13,0,0.0
16046,10,9,1.0
16049,10,9,1.0
16052,6,9,0.0
16056,1,9,1.0
16060,1,9,1.0
16063,10,9,0.0
16064,1,9,0.0
16068,6,9,0.0
16071,1,9,1.0
16075,1,9,1.0
16078,4,9,1.0
16081,10,8,1.0
16085,6,8,0.0
16088,4,9,0.0
16091,1,7,0.0
16094,2,8,1.0
16098,13,8,0.0
16102,1,8,0.0
16105,6,8,1.0
16106,6,8,1.0
16109,1,9,0.0
16113,1,9,0.0
16117,2,8,0.0
16121,13,8,1.0
16124,4,9,1.0
16127,1,9,1.0
16131,13,8,0.0
16135,1,7,1.0
16138,4,9,0.0
16141,1,8,1.0
16144,13,8,1.0
16147,4,8,0.0
16151,6,8,0.0
16154,2,8,1.0
16158,6,8,1.0
16162,13,8,0.0
16165,2,8,1.0
16168,2,8,1.0
16170,4,8,1.0
16173,11,5,1.0
16176,13,0,1.0
16183,11,2,0.0
16187,11,2,1.0
16189,11,8,1.0
16192,4,8,1.0
16196,2,8,1.0
16200,13,0,0.0
16203,1,8,0.0
16205,7,8,1.0
16208,4,5,1.0
16211,2,8,0.0
16214,11,2,0.0
16218,1,8,0.0
16222,11,5,0.0
16223,1,9,1.0
16226,10,9,0.0
16229,10,9,0.0
16232,5,9,1.0
16236,10,1,0.0
16239,6,9,0.0
16242,5,9,1.0
16246,1,9,0.0
16249,10,9,1.0
16252,5,9,1.0
16256,1,9,0.0
16259,1,9,0.0
16262,10,9,0.0
16266,11,9,1.0
16269,10,9,0.0
16273,6,9,0.0
16276,5,7,0.0
16279,1,9,0.0
16283,5,9,1.0
16287,4,9,1.0
16288,1,9,1.0
16291,5,9,0.0
16294,13,9,0.0
16297,10,9,0.0
16300,5,7,0.0
16304,10,9,0.0
16307,5,9,0.0
16311,5,9,1.0
16314,1,9,0.0
16318,6,9,0.0
16322,5,7,0.0
16326,13,9,0.0
16327,11,1,1.0
16330,5,7,1.0
16333,10,9,1.0
16337,10,9,1.0
16340,1,7,1.0
16344,5,7,0.0
16347,1,9,0.0
16350,5,9,1.0
16354,4,9,1.0
16358,1,9,1.0
16362,5,9,1.0
16366,10,9,0.0
16369,5,9,0.0
16371,5,9,0.0
16374,1,9,1.0
16378,1,9,1.0
16381,1,9,0.0
16385,5,8,1.0
16388,13,9,0.0
16391,13,8,1.0
16395,11,5,1.0
16399,1,9,0.0
16401,1,9,1.0
16405,6,8,0.0
16409,10,4,1.0
16412,10,8,1.0
16420,10,8,0.0
16424,1,9,1.0
16428,10,9,1.0
16432,5,9,0.0
16436,13,9,0.0
16439,1,7,0.0
16440,7,8,1.0
16444,5,7,0.0
16448,5,9,0.0
16451,1,9,1.0
16455,1,8,1.0
16459,1,9,0.0
16460,11,1,1.0
16464,1,9,1.0
16468,13,9,0.0
16471,13,0,1.0
16475,13,9,1.0
16476,5,9,1.0
16480,4,9,0.0
16484,4,9,0.0
16488,0,0,1.0
16491,13,8,1.0
16498,1,9,1.0
16501,5,8,1.0
16505,4,9,0.0
16509,13,8,1.0
16512,13,8,1.0
16513,5,9,1.0
16517,1,9,1.0
16520,11,9,0.0
16523,4,9,1.0
16526,13,8,1.0
16528,6,8,0.0
16531,13,0,1.0
16534,13,7,0.0
16538,6,8,0.0
16541,1,9,1.0
16545,1,9,0.0
16549,1,9,0.0
16552,6,8,1.0
16556,11,2,1.0
16560,6,8,0.0
16564,4,9,1.0
16565,13,7,1.0
16568,6,9,1.0
16571,11,2,0.0
16574,0,0,1.0
16578,4,9,0.0
16581,6,8,1.0
16584,14,8,1.0
16588,1,9,1.0
16591,11,1,1.0
16594,6,8,0.0
16597,6,8,1.0
16601,2,8,1.0
16604,11,1,1.0
16608,11,1,0.0
16612,4,9,1.0
16619,6,8,0.0
16623,4,9,1.0
16626,6,8,0.0
16630,6,9,1.0
16634,13,8,0.0
16638,4,9,0.0
16639,13,8,1.0
16643,11,1,0.0
16647,2,7,0.0
16650,13,0,1.0
16654,4,9,0.0
16658,4,9,0.0
16659,2,8,0.0
16663,4,9,1.0
16666,11,1,1.0
16670,2,8,0.0
16674,11,1,0.0
16678,5,9,1.0
16681,2,7,0.0
16684,13,0,0.0
16687,11,2,0.0
16690,1,9,0.0
16694,5,8,0.0
16696,6,9,1.0
16699,5,0,0.0
16702,1,9,0.0
16706,4,9,1.0
16710,4,9,1.0
16713,3,8,1.0
16717,5,8,1.0
16721,5,9,0.0
16724,5,8,0.0
16727,2,8,1.0
16731,5,9,1.0
16735,1,7,0.0
16738,4,5,1.0
16742,6,8,0.0
16746,5,8,0.0
16747,5,8,1.0
16751,1,9,1.0
16755,11,2,1.0
16759,1,9,1.0
16763,4,9,0.0
16766,5,8,1.0
16767,1,9,1.0
16770,11,9,1.0
16774,13,8,0.0
16778,5,9,1.0
16782,5,9,0.0
16785,13,8,1.0
16789,6,9,1.0
16793,5,9,1.0
16795,6,9,0.0
16798,5,9,0.0
16802,13,8,0.0
16805,1,9,1.0
16808,5,9,0.0
16811,7,8,1.0
16814,4,9,1.0
16817,13,8,0.0
16821,1,9,0.0
16824,1,8,0.0
16828,10,9,1.0
16831,11,5,1.0
16834,11,2,1.0
16838,5,9,0.0
16842,11,5,0.0
16844,5,9,0.0
16847,4,8,1.0
16851,11,5,1.0
16855,11,5,1.0
16859,5,8,1.0
16862,5,8,1.0
16866,13,8,0.0
16870,2,8,0.0
16874,11,5,1.0
16877,4,5,1.0
16881,5,8,0.0
16885,11,9,1.0
16889,1,8,0.0
16892,13,8,1.0
16895,1,8,1.0
16898,3,7,0.0
16900,1,8,0.0
16903,7,8,1.0
16906,1,8,1.0
16909,0,0,0.0
16912,11,9,0.0
16917,6,8,1.0
16921,7,8,1.0
16924,13,8,1.0
16927,10,9,0.0
16931,6,8,0.0
16935,6,9,1.0
16939,1,8,0.0
16942,1,9,1.0
16945,1,8,0.0
16948,13,0,0.0
16952,1,8,1.0
16955,11,9,0.0
16958,10,9,1.0
16962,11,2,0.0
16966,11,8,0.0
16968,1,8,1.0
16971,0,0,0.0
16974,6,8,1.0
16977,1,8,1.0
16980,1,8,0.0
16984,5,0,1.0
16988,6,8,1.0
16992,11,2,1.0
16996,1,8,1.0
16997,6,8,1.0
17000,6,8,0.0
17004,5,7,1.0
17007,6,8,0.0
17011,10,8,1.0
17015,6,8,1.0
17018,0,0,0.0
17022,1,8,0.0
17026,6,8,1.0
17029,6,8,0.0
17032,6,8,0.0
17036,13,8,0.0
17039,1,8,1.0
17043,13,8,0.0
17046,0,0,0.0
17050,7,8,0.0
17054,1,8,1.0
17058,7,8,1.0
17062,13,8,1.0
17065,1,8,0.0
17068,11,2,0.0
17072,6,8,0.0
17076,7,8,1.0
17079,11,8,0.0
17083,5,7,1.0
17087,0,0,1.0
17088,1,8,0.0
17091,11,2,0.0
17095,1,8,1.0
17099,1,8,1.0
17102,1,7,0.0
17106,1,8,1.0
17109,10,8,0.0
17113,1,8,1.0
17117,1,8,0.0
17119,10,6,0.0
17123,9,9,0.0
17127,13,0,1.0
17133,6,8,1.0
17136,8,6,1.0
17138,3,7,1.0
17142,0,0,0.0
17146,8,6,1.0
17149,3,7,1.0
17157,0,7,0.0
17161,6,9,0.0
17164,8,6,1.0
17171,6,8,0.0
17174,10,6,0.0
17178,9,6,0.0
17181,8,7,0.0
17183,10,6,1.0
17187,9,6,0.0
17191,1,9,1.0
17199,1,7,1.0
17202,10,6,1.0
17206,3,7,0.0
17210,1,7,1.0
17214,9,8,0.0
17218,9,8,0.0
17221,1,8,1.0
17224,10,9,1.0
17227,0,0,1.0
17230,5,7,1.0
17234,7,7,1.0
17237,5,7,0.0
17240,1,7,1.0
17241,10,5,0.0
17244,6,8,1.0
17248,10,5,0.0
17252,1,9,0.0
17256,1,9,1.0
17259,1,9,0.0
17260,10,9,1.0
17264,6,9,1.0
17267,1,7,0.0
17271,13,8,1.0
17274,5,7,0.0
17278,1,9,0.0
17281,5,7,0.0
17284,3,7,0.0
17288,10,9,1.0
17291,12,8,1.0
17298,12,8,1.0
17305,1,9,0.0
17306,12,9,0.0
17317,12,9,0.0
17321,12,9,1.0
17325,1,9,1.0
17332,12,9,0.0
17335,1,7,0.0
17339,12,8,1.0
17343,12,9,1.0
17345,1,9,1.0
17348,13,8,1.0
17356,0,0,1.0
17359,1,9,1.0
17360,12,9,0.0
17363,12,9,1.0
17373,13,0,1.0
17376,1,9,0.0
17379,13,7,1.0
17383,4,9,1.0
17386,4,9,1.0
17390,6,8,0.0
17394,4,9,1.0
17398,6,9,1.0
17402,6,9,0.0
17406,1,9,0.0
17407,6,9,1.0
17410,1,9,1.0
17413,1,9,0.0
17416,1,9,1.0
17419,2,9,0.0
17423,2,9,0.0
17426,6,9,0.0
17429,6,8,0.0
17432,1,9,1.0
17435,4,8,1.0
17438,11,1,1.0
17441,4,9,0.0
17444,6,9,1.0
17448,4,9,1.0
17452,1,9,1.0
17456,11,9,0.0
17460,4,9,1.0
17463,1,9,1.0
17466,1,9,0.0
17470,6,9,0.0
17474,6,8,1.0
17478,2,8,0.0
17483,11,1,1.0
17487,1,9,1.0
17490,1,9,1.0
17496,6,9,0.0
17499,13,9,1.0
17502,5,7,0.0
17506,10,9,1.0
17509,6,9,0.0
17512,11,9,0.0
17515,1,8,0.0
17518,5,9,0.0
17522,6,9,0.0
17526,5,9,0.0
17530,3,9,0.0
17533,6,9,1.0
17537,1,9,1.0
17541,10,9,1.0
17545,6,9,1.0
17546,1,9,1.0
17550,0,0,0.0
17554,10,9,1.0
17557,1,9,1.0
17560,5,9,1.0
17564,13,8,0.0
17568,5,9,1.0
17572,13,9,0.0
17575,1,8,0.0
17578,6,9,0.0
17581,4,9,1.0
17584,11,1,1.0
17588,11,1,1.0
17591,11,1,0.0
17594,6,9,0.0
17598,1,9,0.0
17599,5,7,1.0
17603,0,0,1.0
17606,6,9,0.0
17610,11,1,1.0
17614,11,1,1.0
17617,0,0,1.0
17621,1,9,1.0
17625,5,8,0.0
17629,11,1,1.0
17633,6,8,0.0
17636,4,8,0.0
17639,4,9,1.0
17642,6,8,1.0
17646,5,0,0.0
17650,4,8,0.0
17654,5,8,1.0
17658,5,8,1.0
17662,6,0,0.0
17665,10,9,1.0
17669,10,5,0.0
17672,0,0,1.0
17674,10,8,1.0
17678,5,8,1.0
17682,4,8,1.0
17685,0,0,0.0
17689,3,8,1.0
17692,5,8,1.0
17696,10,2,0.0
17700,10,9,1.0
17703,5,0,1.0
17706,5,8,1.0
17710,4,8,1.0
17714,1,8,0.0
17718,12,9,0.0
17721,3,8,1.0
17724,10,7,0.0
17728,12,8,0.0
17731,1,8,1.0
17736,12,9,1.0
17740,12,8,0.0
17743,12,9,0.0
17746,1,7,0.0
17749,12,8,1.0
17752,13,8,0.0
17756,1,7,0.0
17759,3,9,1.0
17763,1,8,0.0
17765,11,4,0.0
17768,14,0,0.0
17771,12,9,0.0
17775,1,8,1.0
17778,3,7,0.0
17781,1,7,1.0
17785,13,9,1.0
17789,7,9,1.0
17793,5,9,1.0
17797,11,9,1.0
17800,7,1,0.0
17804,11,9,0.0
17807,11,9,0.0
17811,7,9,0.0
17814,0,7,0.0
17818,0,9,1.0
17820,1,9,0.0
17823,2,9,1.0
17826,11,2,0.0
17830,13,9,1.0
17834,1,9,1.0
17838,11,9,0.0
17839,13,0,1.0
17842,1,9,1.0
17846,5,9,0.0
17850,0,9,1.0
17854,13,9,0.0
17857,1,9,0.0
17861,13,9,1.0
17863,5,9,1.0
17867,11,9,1.0
17871,1,9,1.0
17875,11,2,1.0
17879,11,9,1.0
17883,5,9,1.0
17886,5,9,0.0
17890,13,9,1.0
17893,11,2,1.0
17897,13,8,1.0
17900,6,9,0.0
17904,10,9,0.0
17912,1,9,1.0
17916,6,9,1.0
17919,6,9,0.0
17923,3,7,0.0
17926,10,8,0.0
17929,7,7,1.0
17930,10,1,0.0
17933,6,9,1.0
17937,1,9,0.0
17940,11,1,1.0
17944,13,0,0.0
17947,10,9,1.0
17948,1,9,0.0
17952,11,9,1.0
17955,6,9,0.0
17958,7,9,1.0
17962,13,0,1.0
17966,1,8,0.0
17970,1,7,1.0
17974,7,9,1.0
17977,11,1,1.0
17981,1,8,1.0
17985,6,9,0.0
17988,6,9,1.0
17992,10,9,1.0
17995,1,8,1.0
17998,3,9,0.0
18001,1,9,1.0
18004,6,8,0.0
18007,10,9,1.0
18010,5,7,0.0
18014,13,0,1.0
18017,13,0,0.0
18020,5,9,1.0
18024,1,8,0.0
18027,1,9,1.0
18031,10,9,1.0
18034,1,9,0.0
18037,13,9,0.0
18040,1,9,1.0
18043,6,9,0.0
18047,1,9,0.0
18051,10,9,0.0
18055,3,7,1.0
18059,13,8,1.0
18062,13,9,1.0
18065,1,7,0.0
18068,4,9,1.0
18071,13,9,0.0
18074,13,9,0.0
18077,13,8,0.0
18080,13,7,1.0
18084,6,7,0.0
18087,1,9,1.0
18088,3,7,0.0
18091,1,9,0.0
18094,10,9,1.0
18098,10,4,0.0
18102,1,9,1.0
18106,1,9,1.0
18108,7,9,0.0
18111,3,7,0.0
18115,4,4,0.0
18119,7,7,0.0
18125,12,9,1.0
18127,3,9,0.0
18131,10,4,1.0
18135,5,7,0.0
18139,10,4,1.0
18143,7,7,0.0
18146,1,8,1.0
18150,1,8,0.0
18153,6,8,1.0
18157,13,8,0.0
18161,11,1,1.0
18164,6,8,1.0
18167,1,8,0.0
18168,11,2,0.0
18172,6,8,0.0
18176,11,2,1.0
18180,2,7,1.0
18183,6,8,1.0
18187,1,9,1.0
18191,6,8,1.0
18194,11,2,0.0
18197,6,8,0.0
18201,2,8,0.0
18203,11,2,1.0
18206,7,9,0.0
18210,13,8,0.0
18213,10,9,1.0
18216,6,8,1.0
18219,1,8,1.0
18222,11,2,1.0
18225,11,2,0.0
18228,1,8,0.0
18232,11,2,1.0
18236,1,7,1.0
18238,11,2,0.0
18242,6,8,1.0
18245,1,8,1.0
18248,1,8,1.0
18252,11,2,1.0
18256,6,8,1.0
18258,11,8,1.0
18261,11,8,1.0
18264,13,8,1.0
18267,1,8,0.0
18271,6,8,0.0
18275,1,8,0.0
18278,11,2,1.0
18282,1,8,1.0
18286,6,8,0.0
18290,11,2,0.0
18294,13,7,1.0
18297,13,9,0.0
18301,13,9,0.0
18304,2,9,1.0
18307,0,7,1.0
18310,11,4,1.0
18314,1,9,1.0
18318,1,9,1.0
18321,4,9,1.0
18325,1,7,1.0
18328,4,4,1.0
18332,2,9,1.0
18335,1,9,0.0
18339,1,9,1.0
18347,1,7,1.0
18350,6,9,0.0
18354,13,0,1.0
18357,4,9,0.0
18360,13,7,0.0
18364,1,9,1.0
18367,1,7,0.0
18368,1,5,0.0
18371,10,5,1.0
18374,2,5,1.0
18378,10,5,1.0
18382,2,5,1.0
18386,2,5,0.0
18389,2,5,0.0
18392,13,5,1.0
18394,1,5,1.0
18397,10,5,1.0
18401,2,5,0.0
18405,10,5,0.0
18408,10,5,1.0
18411,10,5,0.0
18413,6,5,1.0
18416,2,5,1.0
18420,2,5,0.0
18424,6,5,0.0
18428,2,5,1.0
18432,2,0,0.0
18435,10,5,1.0
18439,1,5,0.0
18442,10,5,1.0
18446,2,5,0.0
18447,2,5,0.0
18451,2,5,1.0
18454,2,5,0.0
18458,0,0,0.0
18461,2,5,0.0
18465,1,5,1.0
18467,10,5,0.0
18470,10,5,1.0
18474,1,5,0.0
18477,13,0,1.0
18481,10,5,1.0
18483,12,6,0.0
18486,3,9,0.0
18490,3,4,0.0
18494,12,6,1.0
18497,12,0,1.0
18500,0,0,1.0
18501,12,4,0.0
18504,10,6,1.0
18507,12,6,1.0
18510,12,4,0.0
18513,3,9,0.0
18515,3,9,0.0
18518,3,9,0.0
18521,12,4,0.0
18524,12,9,1.0
18527,3,9,0.0
18530,6,8,1.0
18533,7,9,1.0
18536,4,9,1.0
18540,13,0,1.0
18543,4,9,0.0
18546,11,2,1.0
18548,0,0,1.0
18551,2,7,1.0
18554,11,2,1.0
18558,1,9,0.0
18561,1,7,1.0
18564,11,2,1.0
18566,4,9,1.0
18569,11,2,1.0
18572,11,2,1.0
18576,0,0,0.0
18579,4,9,0.0
18583,1,7,1.0
18586,6,9,0.0
18589,11,2,1.0
18593,11,2,1.0
18596,11,2,0.0
18599,1,9,0.0
18603,11,2,0.0
18606,11,2,1.0
18608,0,0,0.0
18612,10,4,0.0
18616,10,9,0.0
18620,2,9,1.0
18623,1,9,1.0
18624,2,7,0.0
18627,4,9,0.0
18630,1,9,0.0
18634,0,0,0.0
18638,10,9,1.0
18641,1,9,1.0
18644,10,9,1.0
18648,2,9,0.0
18652,2,9,1.0
18656,2,9,1.0
18659,2,7,1.0
18663,1,9,0.0
18666,10,4,1.0
18672,13,9,0.0
18676,2,9,1.0
18679,2,9,1.0
18682,7,9,1.0
18683,7,8,1.0
18687,1,8,1.0
18691,10,5,1.0
18695,10,5,0.0
18697,11,5,0.0
18701,1,8,0.0
18705,11,5,1.0
18708,10,5,1.0
18711,11,5,1.0
18714,11,5,1.0
18716,5,8,1.0
18720,11,2,1.0
18723,11,5,0.0
18727,10,5,1.0
18731,6,8,0.0
18732,1,8,0.0
18736,0,0,0.0
18740,11,2,0.0
18743,11,5,1.0
18747,1,8,1.0
18751,13,8,0.0
18755,6,8,1.0
18759,1,8,1.0
18760,5,7,1.0
18763,1,8,0.0
18767,13,8,1.0
18770,11,5,0.0
18773,1,8,1.0
18776,0,0,1.0
18779,1,9,1.0
18783,6,8,1.0
18786,0,0,1.0
18790,1,8,0.0
18793,6,8,0.0
18796,10,9,1.0
18800,1,9,1.0
18803,6,9,1.0
18807,6,9,1.0
18811,10,9,0.0
18815,6,9,1.0
18818,13,9,0.0
18822,6,9,0.0
18826,10,9,1.0
18830,6,8,1.0
18833,6,8,1.0
18836,6,8,1.0
18843,6,8,0.0
18846,1,9,1.0
18849,4,9,0.0
18853,13,8,0.0
18857,7,9,1.0
18858,10,2,1.0
18862,0,0,1.0
18865,0,0,0.0
18869,10,6,0.0
18876,5,9,1.0
18879,3,7,0.0
18882,10,5,1.0
18886,6,9,1.0
18890,10,9,0.0
18894,0,0,0.0
18898,1,9,1.0
18901,3,8,0.0
18904,7,9,1.0
18907,1,7,1.0
18911,5,7,0.0
18914,6,7,0.0
18917,1,9,0.0
18920,6,9,1.0
18924,3,0,0.0
18928,10,6,0.0
18932,3,7,0.0
18936,0,0,1.0
18940,5,0,1.0
18943,1,7,1.0
18944,10,9,0.0
18948,1,9,0.0
18955,1,8,1.0
18958,13,8,1.0
18959,7,9,1.0
18962,6,8,1.0
18965,10,9,1.0
18968,6,8,1.0
18972,1,8,1.0
18973,1,9,0.0
18977,13,8,1.0
18981,14,9,0.0
18985,1,9,1.0
18989,1,9,1.0
18992,1,9,1.0
18995,13,8,1.0
18998,1,9,1.0
19002,1,8,1.0
19006,0,0,1.0
19009,1,9,1.0
19010,13,9,0.0
19014,1,8,1.0
19018,7,9,1.0
19021,1,9,1.0
19024,10,9,1.0
19028,13,8,1.0
19029,0,0,0.0
19030,10,5,0.0
19033,13,0,0.0
19037,2,5,1.0
19040,13,0,0.0
19043,6,9,1.0
19046,6,9,1.0
19050,10,5,1.0
19054,0,0,1.0
19057,0,0,0.0
19060,10,5,1.0
19064,10,5,1.0
19065,2,7,0.0
19068,0,0,1.0
19071,5,7,0.0
19075,6,9,0.0
19078,10,5,1.0
19082,10,5,1.0
19083,2,9,1.0
19087,4,9,1.0
19090,1,9,0.0
19094,2,9,1.0
19097,1,9,1.0
19104,2,9,0.0
19108,2,9,0.0
19109,1,9,0.0
19113,1,9,1.0
19117,1,8,1.0
19121,13,7,1.0
19124,12,9,1.0
19128,1,8,0.0
19129,13,7,1.0
19133,12,9,1.0
19136,13,8,1.0
19140,1,8,1.0
19144,1,9,1.0
19147,13,8,0.0
19151,12,9,1.0
19153,13,7,1.0
19156,12,9,1.0
19160,13,7,1.0
19164,1,7,0.0
19167,1,8,1.0
19171,12,9,1.0
19175,1,8,1.0
19179,1,7,0.0
19182,13,8,1.0
19186,10,4,1.0
19189,14,0,0.0
19192,12,9,0.0
19195,12,9,1.0
19201,12,8,0.0
19205,1,7,1.0
19208,13,0,1.0
19211,3,7,0.0
19214,11,4,0.0
19217,12,7,0.0
19219,1,0,1.0
19225,1,9,1.0
19228,1,7,0.0
19231,10,9,0.0
19234,13,7,0.0
19236,7,7,0.0
19240,1,9,0.0
19244,6,9,1.0
19248,5,7,0.0
19252,1,9,1.0
19255,13,7,0.0
19259,10,4,1.0
19262,6,9,0.0
19264,1,9,0.0
19268,1,9,0.0
19272,4,9,1.0
19276,5,9,0.0
19279,10,4,0.0
19281,1,9,1.0
19284,0,9,1.0
19288,1,9,1.0
19292,5,9,1.0
19296,1,9,0.0
19299,10,9,1.0
19301,5,8,0.0
19305,2,9,0.0
19309,13,9,0.0
19312,13,0,0.0
19315,10,4,0.0
19319,1,9,1.0
19323,4,9,1.0
19326,5,9,0.0
19330,1,9,1.0
19333,10,4,1.0
19337,0,9,1.0
19338,1,9,1.0
19341,11,2,0.0
19344,11,2,0.0
19351,2,9,0.0
19354,11,2,0.0
19357,11,2,0.0
19360,6,9,1.0
19366,6,9,1.0
19370,11,2,0.0
19372,1,9,1.0
19375,6,9,0.0
19379,11,2,1.0
19383,11,9,1.0
19385,1,9,0.0
19389,0,0,0.0
19393,4,9,1.0
19397,2,9,1.0
19400,4,9,1.0
19404,6,9,1.0
20000,3,4,0.6102138652143654
20001,9,4,0.6643368511444896
20002,10,3,0.5413294003796343
20003,12,9,0.5196755061121445
20004,1,7,0.5641124372143638
20005,13,0,0.3161321152204731
20006,7,9,0.516626339711291
20007,6,8,0.469143046745851
20008,1,7,0.529341390264629
20009,6,9,0.4611232432043618
20010,3,7,0.5623285878246911
20011,0,7,0.6976965185667303
20012,7,6,0.6344104024101809
20013,13,9,0.6570041587271763
20014,11,5,0.5486787130064792
20015,1,9,0.6088926773952559
20016,5,9,0.4792812194185805
20017,1,7,0.5747443063025327
20018,0,9,0.4584606513762999
20019,1,8,0.5206481528532924
20020,1,9,0.6060481120222656
20021,4,5,0.5731041212468972
20022,1,9,0.5313265358699762
20023,12,9,0.6688077812126738
20024,5,9,0.5364006281282274
20025,11,1,0.5604147629338102
20026,6,8,0.4710973214880519
20027,13,8,0.6259909716222962
20028,1,8,0.5222034989134777
20029,1,9,0.5511698784924943
20030,1,9,0.5471967464835943
20031,13,8,0.5694333134001315
20032,6,9,0.518255976543825
20033,1,8,0.5332819875212571
20034,5,8,0.5752793771083551
20035,10,9,0.5630559697234281
20036,1,9,0.5343892089158183
20037,10,5,0.6178755722226327
20038,13,0,0.7398341251917149
20039,1,9,0.6440439502947646
20040,1,9,0.6655432973013752
20041,4,9,0.5555646842012346
20042,5,9,0.3803585512806004
20043,2,5,0.4750958915129196
20044,6,9,0.4066417462246712
20045,5,9,0.5801818863270632
20046,6,9,0.4021603381745929
20047,6,9,0.4852262890747943
20048,5,9,0.5335592547053805
20049,13,8,0.6051154930008064
20050,3,7,0.5455319634977086
20051,11,4,0.5083278966078404
20052,1,9,0.4882627921195892
20053,12,6,0.5617173918358848
20054,10,9,0.4822466172763019
20055,2,8,0.4012256357234554
20056,13,8,0.5143601644725317
20057,11,5,0.4836418202989648
20058,11,8,0.5647765920848935
20059,5,9,0.5995693124193837
20060,5,9,0.4781698195623262
20061,13,8,0.7268208133024381
20062,2,0,0.3177052861085765
20063,1,9,0.5737139935451157
20064,13,0,0.7154139954063382
20065,13,8,0.4322789376707373
20066,1,9,0.5718496333995996
20067,13,9,0.4807703870130698
20068,13,8,0.6382869781670624
20069,13,0,0.7120401999563412
20070,2,7,0.4178045801908259
20071,8,7,0.5203539868511755
20072,2,9,0.5164262499360743
20073,5,9,0.4076893651250458
20074,2,7,0.5367371802796167
20075,1,9,0.5157839987610039
20076,12,9,0.4154931831240306
20077,1,9,0.5857263514894137
20078,5,8,0.4028419864764775
20079,4,9,0.6759484731758809
20080,13,7,0.5339995159767335
20081,13,8,0.3695567925939764
20082,13,0,0.360431894594825
20083,11,9,0.5042668237654016
20084,1,8,0.516157148174977
20085,1,8,0.5529595354712388
20086,6,9,0.5446768442277792
20087,1,8,0.4783612915147543
20088,1,5,0.516574025338004
20089,4,1,0.449126882911981
20090,1,8,0.5774912340714599
20091,6,8,0.5945552211563974
20092,10,5,0.6633102950116041
20093,5,7,0.4828747629334931
20094,13,8,0.3578388597046448
20095,13,0,0.7705579611579243
20096,2,9,0.4049537107230248
20097,3,7,0.4897752527716797
20098,6,8,0.6204120868236326
20099,10,9,0.6815778795310017
20100,5,9,0.7231754409861368
20101,3,8,0.572225880694662
20102,0,0,0.3939636830213601
20103,13,8,0.4050307861640737
20104,13,8,0.6343969831469407
20105,0,0,0.5873386112529203
20106,6,9,0.4291457585258758
20107,13,8,0.5870484487912011
20108,1,7,0.5522013118764877
20109,1,7,0.4943843726101578
20110,13,0,0.3487529530129744
20111,13,0,0.3458663785061348
20112,10,6,0.6594650823260277
20113,3,7,0.516235404192557
20114,1,8,0.4820749404121789
20115,13,0,0.7690163674269491
20116,1,8,0.5168182543160287
20117,10,8,0.5949394973917658
20118,10,6,0.4753926301666907
20119,6,8,0.4223305048527054
20120,1,7,0.5022551561311782
20121,1,9,0.5000153713197952
20122,12,5,0.5623036047158191
20123,1,9,0.5378745498774817
20124,1,9,0.4707541685664873
20125,1,8,0.6207778499218856
20126,11,9,0.5594310257436325
20127,6,9,0.3411215375850638
20128,1,9,0.4961583473487962
20129,1,7,0.5583119715346785
20130,13,8,0.5487714014775087
20131,7,9,0.6293551137015361
20132,1,9,0.6726813178605552
20133,10,4,0.5562633630982545
20134,4,9,0.6530979611209697
20135,6,9,0.5024013704830823
20136,2,8,0.6238141065246723
20137,0,0,0.4491439020690484
20138,5,9,0.6047874317249196
20139,6,9,0.3196912094019609
20140,0,9,0.313364694165409
20141,2,7,0.6465888854266033
20142,11,4,0.6192120594833331
20143,13,8,0.6706723662212144
20144,3,9,0.5758983239334431
20145,11,9,0.558035240375563
20146,4,9,0.6472585590870424
20147,2,9,0.4307006443642821
20148,4,9,0.5641888431153095
20149,13,0,0.7136969895225722
20150,10,4,0.5820240089515475
20151,13,8,0.5882830964323311
20152,5,7,0.4937598997425343
20153,3,8,0.4522541720451051
20154,6,9,0.4155709988300268
20155,5,8,0.2675316982755631
20156,6,9,0.5316981903489281
20157,13,9,0.4470438624748966
20158,6,8,0.6394849591681447
20159,6,9,0.4264490118021001
20160,0,0,0.3971058846026132
20161,1,9,0.5317031800745756
20162,0,0,0.744628462371582
20163,8,9,0.5715427340771465
20164,7,7,0.5828865681127198
20165,10,5,0.6168441473251359
20166,1,9,0.4883381919294438
20167,1,9,0.5294136428071445
20168,10,4,0.6102166239375365
20169,6,8,0.5338468689796758
20170,1,8,0.508655510731078
20171,6,8,0.4469754327827405
20172,11,7,0.5648459499762624
20173,10,6,0.5607372793675749
20174,6,6,0.6012743758030252
20175,7,6,0.6868826155364565
20176,5,0,0.6657737786426325
20177,5,9,0.3986455778733451
20178,10,9,0.5726092548265039
20179,12,9,0.5608644751497445
20180,1,8,0.4459302850480836
20181,1,8,0.5513645989259816
20182,1,9,0.5029294677304286
20183,5,8,0.6917528836054188
20184,6,9,0.5156702187274314
20185,6,8,0.5484734826125517
20186,5,8,0.4620125540397234
20187,13,8,0.3402404880448227
20188,13,8,0.6857863225226926
20189,2,0,0.4092905878308723
20190,13,8,0.3448355077809058
20191,5,9,0.4490745421064853
20192,13,8,0.6496680798382868
20193,13,8,0.6660779637621682
20194,13,0,0.452673546583993
20195,13,8,0.6030215962377712
20196,11,5,0.5111117929756077
20197,6,9,0.5393679232571009
20198,1,9,0.6407679500472794
20199,11,4,0.5576275447459027
20200,11,2,0.5448110989114776
20201,10,5,0.5091136303629311
20202,5,9,0.5212891971513605
20203,13,9,0.4268234057421985
20204,10,6,0.4968186812587275
20205,1,7,0.5548017390105129
20206,1,9,0.583927163712643
20207,5,9,0.4322201815629171
20208,12,7,0.600908093958906
20209,2,9,0.6193581786528931
20210,3,9,0.5480771205640917
20211,6,8,0.78220674792369
20212,1,9,0.4885823747838143
20213,10,6,0.6030637815701039
20214,1,7,0.538651309751201
20215,10,8,0.5302240439236112
20216,0,0,0.2772485145073138
20217,11,9,0.5215139044776368
20218,1,8,0.5029101833176359
20219,13,8,0.6345810354929126
20220,0,0,0.6564501961178764
20221,14,9,0.4918583800107731
20222,13,0,0.6803795001516851
20223,11,5,0.4751246235031366
20224,9,7,0.4735706960433478
20225,6,9,0.4823366996524973
20226,10,6,0.5073855159853826
20227,1,8,0.5397725368971771
20228,6,7,0.385706787862151
20229,5,9,0.5616663532808237
20230,7,2,0.530834327258665
20231,1,7,0.4342384628774429
20232,11,4,0.5606635901883761
20233,2,7,0.5689159233780463
20234,10,6,0.5395628666100164
20235,8,9,0.4844881446841582
20236,12,5,0.3803624068330718
20237,5,7,0.381087163937356
20238,1,8,0.4393789002236579
20239,7,1,0.6368151701414895
20240,0,0,0.3735781055536242
20241,13,7,0.3711237361872292
20242,1,9,0.6728318512816351
20243,1,7,0.5221180812991479
20244,9,7,0.7172205050870906
20245,1,7,0.4762554790960236
20246,2,8,0.4674230540542293
20247,2,9,0.4446020550214136
20248,11,3,0.551482069102978
20249,3,9,0.4980032075159413
20250,6,8,0.5715816710846983
20251,10,9,0.6976198372618385
20252,9,4,0.6696012101239794
20253,9,6,0.6374726835304766
20254,0,0,0.696156070613422
20255,1,9,0.4223467930061395
20256,12,5,0.5201539148157484
20257,5,8,0.6702236642661947
20258,1,5,0.5232818450873449
20259,5,7,0.4721344799236113
20260,6,8,0.5449340696556045
20261,10,6,0.6167434663449756
20270,1,8,0.5034541404259407
20272,1,9,0.5628425828121457
20275,5,9,0.4514954377735929
20277,4,9,0.6208536477204992
20280,5,9,0.4346935560859727
20282,5,9,0.4345280876774641
20285,1,9,0.6095560231265076
20287,5,8,0.5056053748371306
20288,6,9,0.6449409842668954
20291,6,8,0.3872640401106756
20293,5,9,0.4747840252309115
20295,1,9,0.4548344692062805
20298,1,9,0.4173998699268829
20300,1,9,0.7043583560053049
20303,1,9,0.4568017041884209
20305,3,9,0.5143474387743318
20307,1,9,0.5962399013115687
20309,5,9,0.4972522020428452
20311,6,9,0.6612581833706386
20314,5,0,0.7428642781451247
20317,1,9,0.4755380156827459
20319,5,8,0.4775890276808419
20321,3,9,0.4650519903377118
20324,0,0,0.7232990897795539
20326,5,8,0.476320578751888
20328,4,9,0.5260280485235892
20330,4,5,0.6327535356522771
20333,5,7,0.4972473305033095
20336,11,1,0.5303153756029964
20337,6,8,0.4772034285767621
20339,5,8,0.5378800043372989
20342,4,9,0.5459279898083564
20344,4,9,0.5067721280151427
20346,6,8,0.4084032789255687
20348,4,5,0.5649209908220194
20351,5,8,0.4488680182553306
20353,5,7,0.5426216300051736
20356,4,9,0.599655362916523
20357,5,8,0.636350771162751
20360,5,8,0.4653199987595104
20362,5,0,0.381622332821763
20365,5,0,0.2813345942562653
20367,1,9,0.5320190012717819
20369,5,9,0.4501102700569539
20371,13,0,0.7278881468659848
20374,5,7,0.6156740616240726
20376,5,9,0.4572125263949624
20377,5,8,0.4924387777628647
20379,5,8,0.4638542089402562
20381,5,8,0.4771821628652372
20383,5,8,0.4550672507171811
20386,5,9,0.5861581556154734
20388,5,8,0.5380107798259317
20390,5,8,0.5616583118060858
20393,0,8,0.3571322670691236
20395,4,9,0.5891592693804688
20396,5,9,0.4666976804508373
20399,5,8,0.4813875913496285
20401,5,8,0.7063325827121698
20403,1,9,0.4711720720302376
20405,1,9,0.546388563964266
20407,10,5,0.5452564734278171
20410,5,9,0.424278801478534
20412,5,8,0.3427816649737817
20414,4,9,0.5615238319013722
20415,13,8,0.7617575565581117
20418,5,8,0.5539376919634236
20421,4,9,0.5737116646835089
20423,5,8,0.6192162772970471
20425,5,0,0.3181257623561655
20428,5,9,0.4808965912043682
20430,10,9,0.5060668057575364
20432,5,8,0.6170625356491035
20434,4,9,0.572315455996199
20435,10,1,0.4804987804571451
20438,6,9,0.4343873107392222
20441,10,5,0.5524665070072025
20444,5,9,0.4495734073969407
20446,1,9,0.5341389088738141
20448,5,7,0.4196067327114536
20451,1,7,0.5222659726155174
20452,5,9,0.5103883046837179
20454,1,7,0.4916056723467298
20457,5,9,0.4968380855566451
20460,1,9,0.5152486438237354
20462,10,9,0.5368249571275646
20464,5,9,0.4058924355594064
20466,5,9,0.5803306661827811
20469,1,9,0.4836147229349526
20471,1,9,0.6858540496569685
20472,5,7,0.467783262247304
20474,5,7,0.59016626208315
20476,1,9,0.5317129321412211
20478,1,8,0.4690055566134227
20481,5,9,0.5341801948781078
20483,1,9,0.5206458175301918
20486,5,9,0.4721134684187791
20488,5,7,0.6138646093592004
20490,5,8,0.6952783248044458
20493,5,0,0.7310209897439214
20495,13,0,0.3012478922529767
20498,13,0,0.7358540450640583
20501,7,9,0.590822533491542
20503,11,1,0.463817203123403
20505,7,9,0.5998318947991313
20508,5,7,0.3403745792090307
20510,5,0,0.327005546834503
20512,5,9,0.5009720242071405
20514,5,7,0.6765311348855308
20516,5,9,0.611625194287016
20519,5,7,0.5762783992124084
20522,5,7,0.4776794500003757
20524,5,7,0.3097223609309166
20526,5,7,0.3037475273919924
20528,5,9,0.5819789086543786
20530,7,9,0.6339228510538653
20532,10,9,0.4728389303222908
20534,10,9,0.5968936228837205
20536,5,9,0.5350574807913643
20538,10,4,0.5028564246437964
20540,0,0,0.6060563907719668
20543,0,0,0.481875942865399
20546,5,7,0.7180735958120242
20547,5,7,0.5777220821552294
20549,5,7,0.6241395064666178
20551,5,7,0.5551057823381493
20553,5,9,0.4787877705836723
20556,5,8,0.6572458592950506
20558,1,8,0.4835365912731006
20560,5,7,0.477081666961438
20562,5,7,0.5318347766144833
20563,0,0,0.6116634559876452
20566,10,4,0.4597646715976418
20568,1,7,0.4691617596359289
20570,5,8,0.434972729271499
20572,1,7,0.4813914416381653
20574,13,8,0.5674359743560038
20577,3,7,0.4888587513551417
20579,10,6,0.4521821379072301
20582,5,7,0.3815221843243266
20584,10,5,0.5401400490140971
20587,1,7,0.486272002381035
20589,13,7,0.6134327583574928
20592,5,7,0.5362897348285616
20594,13,8,0.4051211323665104
20596,10,9,0.49870495344344
20599,10,5,0.4910524806532075
20601,10,7,0.4718645163322208
20603,5,9,0.4818133428870333
20606,13,0,0.3021818288270749
20609,1,7,0.4608072593916292
20612,13,8,0.6807580115305696
20614,5,0,0.688127186112365
20616,13,8,0.4458515628881592
20618,10,9,0.5085569505636186
20620,3,7,0.5039091920995585
20621,1,8,0.5001223079877881
20624,0,0,0.2818329537819045
20626,6,8,0.5982894821188321
20628,5,8,0.3710805324633032
20630,6,8,0.6407013990731452
20632,5,0,0.7027680293978689
20634,6,8,0.6115462906534956
20636,0,7,0.6009693811729233
20639,5,7,0.4421074556954674
20640,6,9,0.4685969448591631
20642,6,9,0.5083130416517685
20645,9,9,0.3924480512128503
20647,3,7,0.5507971133159703
20649,9,8,0.3656384917969454
20651,0,0,0.6981775638256883
20654,12,0,0.7755480071279357
20656,10,6,0.4353513043122257
20657,1,9,0.5218757051382572
20659,5,7,0.381531246487035
20662,3,7,0.5557377908482438
20664,5,7,0.4870880980983017
20666,5,7,0.4220896869647372
20669,3,7,0.5062479741273267
20672,10,4,0.4651241266585444
20674,5,7,0.4211971183410753
20676,3,9,0.5034514441518878
20678,1,9,0.4609293786679931
20681,1,9,0.506345529801492
20683,0,0,0.2939469017576138
20686,8,9,0.4665870542818163
20688,9,9,0.6071581289201866
20691,3,9,0.5172223796860751
20694,1,7,0.4678525578170667
20697,0,0,0.686713130235876
20700,0,0,0.7179690376429689
20703,0,0,0.3215647121452507
20704,5,9,0.4947916665156365
20706,3,9,0.5019408216834973
20709,3,7,0.4637006607382615
20712,10,5,0.5332240445942376
20715,5,7,0.4820621648782334
20718,5,7,0.4530033774134896
20720,6,8,0.4138789321791161
20722,6,8,0.4025170987976403
20725,1,8,0.4994396512175739
20728,6,8,0.3697456345530038
20731,1,9,0.4458016594150669
20734,1,9,0.4605091585707043
20736,1,8,0.6145260265980723
20737,5,0,0.5553825033845768
20739,1,9,0.4957756686454311
20741,8,6,0.4340141065419986
20743,6,9,0.5229151140982022
20745,5,7,0.4950646331147497
20748,5,7,0.4808189137547873
20750,6,9,0.4222504668055324
20752,1,9,0.5161190810100821
20754,5,9,0.4590921106255028
20756,13,8,0.599802634243411
20758,8,6,0.543617489179559
20760,1,7,0.5013681545406892
20763,1,8,0.4714963763396187
20765,10,6,0.5934623260685743
20767,13,8,0.5080765828793353
20770,5,7,0.6494697140765867
20773,10,9,0.4941656649390255
20775,8,9,0.5553340135217472
20777,5,8,0.5387217573324623
20779,1,9,0.5009177537049406
20782,0,0,0.6999910926151145
20784,5,7,0.3544548648348684
20787,8,6,0.5884867652042621
20789,10,9,0.4746948972683437
20791,4,9,0.6156631902669671
20794,2,9,0.4068457255177004
20797,1,8,0.4896797743605779
20800,2,8,0.4440724839389296
20803,6,8,0.4551200837864183
20806,1,9,0.5714308071262753
20808,1,9,0.4991924979359406
20810,6,8,0.5168570188649125
20813,6,8,0.4453319098143175
20815,2,9,0.6230906832419406
20816,13,0,0.7414754867897614
20819,2,8,0.4989847740777342
20821,2,9,0.584547483957602
20823,11,1,0.5775920610356142
20826,11,1,0.6023279036651192
20828,11,2,0.5155597889051894
20830,6,8,0.571031354032958
20833,2,8,0.5304366016042928
20835,6,8,0.3343439299579953
20837,1,9,0.5558944781471584
20840,2,8,0.5793399182396771
20842,13,8,0.5565011992496699
20844,13,0,0.7440993387187269
20846,2,8,0.3395815113414218
20848,2,8,0.5896147090182724
20850,2,8,0.6055699441226094
20853,11,1,0.5615885037943349
20856,13,8,0.6683118558249524
20859,4,2,0.5225048088603593
20861,6,7,0.4097869911304922
20864,11,8,0.4875776150816933
20867,1,9,0.55092632348884
20869,13,8,0.7044091739771504
20870,4,4,0.6074927347546525
20872,6,8,0.4438492141736573
20874,6,8,0.5888195307130222
20876,1,8,0.5450138321332367
20879,1,8,0.5826001959955155
20882,13,8,0.6682506104407192
20884,11,2,0.5354273291456688
20886,6,8,0.5972860864668448
20889,1,8,0.5283588416427057
20891,1,8,0.5170714240737017
20894,1,8,0.5090946764130225
20896,2,8,0.4781535319696538
20898,1,8,0.4989653381611799
20900,11,2,0.5774002691378493
20902,6,8,0.4599396177276075
20904,13,0,0.6851461571293327
20906,6,8,0.6946138917324483
20908,6,8,0.475628842142543
20911,2,8,0.6441472332950291
20913,1,8,0.5088910988412505
20915,11,2,0.5867244215521876
20916,6,8,0.4609068183875288
20918,6,8,0.4560506333617257
20920,6,8,0.4236555853205603
20922,6,8,0.5584439502517572
20924,6,8,0.5585683607509824
20926,2,8,0.5283883076042611
20928,6,8,0.5048983447034607
20930,0,0,0.3038324820281162
20933,1,8,0.659034705758815
20935,4,5,0.5841088929980514
20938,6,8,0.433133137429383
20941,6,8,0.3220060339513425
20944,1,8,0.5466005211505153
20946,11,8,0.5251129713763761
20948,6,8,0.4938930596390493
20951,1,8,0.501918317664985
20953,6,8,0.5704861441548913
20955,14,8,0.6187510579413967
20957,6,8,0.4916803015169826
20959,11,8,0.5346551935225381
20961,6,8,0.5623093863840737
20963,6,8,0.4647234931752638
20966,6,8,0.4647068590456822
20967,1,8,0.5367520710127566
20969,1,8,0.5383157663173738
20972,2,8,0.5667529552014277
20974,11,2,0.5633064212831469
20976,6,8,0.4676309713533969
20979,1,8,0.5215998520715706
20981,6,8,0.5849412886964094
20984,13,8,0.6116965994300811
20986,0,0,0.7998537469246084
20987,3,7,0.5237323946432288
20989,3,6,0.4848396969757187
20991,12,6,0.4872176284506582
20994,3,9,0.5015335258014033
20997,13,8,0.6719865929920783
20999,3,9,0.511997067253368
21002,12,6,0.5532423075161346
21004,10,4,0.534707865532879
21006,12,6,0.4888928290177671
21007,9,9,0.5211485258808193
21009,3,9,0.5480574983115986
21011,9,6,0.5529998333280358
21013,10,6,0.5160094682156864
21016,10,9,0.4805222197252482
21018,10,6,0.5046373603696943
21020,10,6,0.558490234190465
21023,10,6,0.5097216803121412
21024,5,6,0.5768368082674354
21027,12,6,0.5428117333432452
21029,12,6,0.4903930110508781
21031,12,6,0.5419095748909406
21033,10,6,0.5347343742375987
21036,10,6,0.5247653997460133
21038,3,6,0.4972055558069312
21041,9,6,0.5948692142150547
21043,12,9,0.4504622835731116
21045,12,0,0.621533191574782
21047,10,6,0.4746918621616331
21049,10,6,0.5454476338262939
21051,10,6,0.5162641126292403
21053,12,6,0.5351017037456229
21055,12,6,0.6040988892348793
